path,bytes,sha256
config/data_catalog.json,6590,b91e9c45fc08f7d50e9d2d46155407f836bb1cbac7c79030abbd8d3f6b713b23
config/phase4_smoke_test.html,5768,c4399e71593b71028e050087199b40d03e942e8a12ad25a1191b761a29db5074
config/raster_sources.json,4208,c368dc4d97a0f79512b34a6ef78da280316a37c28c43c5b81872bb46d256f2f0
config/vector_conversion_qa.csv,518,1897ad2de2c23c74ef449f157ebecdff4e25aa786935014c29fc43762c491d46
config/web_payload_hashes.csv,1591,9349b684020be689baf30cec537253d93eedd0359c35594ea41ccf23054e79a1
rasters/aquifer_score.png,11703,ba7bee6f80ce3979a3cb109a164360eb242620a803dd6a5e261afd13e8cb1574
rasters/drainage_density_score.png,29599,a7bf1b8e852422b5633a48f34d52c07a9b45e268dd16ab0c41590695ce28d202
rasters/gwrpz_class.png,66536,57a8cf36022fa08507bbb4628817b413b6ff2981f97d9fa4b4795bc134af66db
rasters/lineament_density_score.png,14130,9e3634cdc5502cd50f575a0b39a8cba3382c1259d7b6e061867e688463bde805
rasters/lulc_score.png,32174,9ccd781ddc946c0f088af0a8aa7502956dc648116fc0a143bc36c954327371eb
rasters/slope_score.png,113934,e58e971ddbe002a5653f80fe4be8abdd7df5f6e6ca24894baa07cf91eadee978
structures/interventions.geojson,26747,1368f40ccb4e54a9fbb9064fb7ed79a98326915e21da05bd196f9e97a9277b81
styles/layer_styles.json,1334,2b6ca82ee55140da2b458321ba8f6991a47ab4896b1e351f0624ffb5e9e89e88
vectors/aquifers.geojson,37522,d98fceef2413abcafd20e801e883501f87eb85e4c4119a37a0c255a59685f37c
vectors/drainage_order.geojson,307292,242f0f30b399b6b6c64b2e4bcf08a9cd56b25052728f6d88d909afe9f71408fa
vectors/lineaments.geojson,9640,144771df0c8d9155c99bbfcc57603293e2ceebc1498d6c4223ddd417d1adf087
vectors/lulc.geojson,314994,61010ddd90aeb2bfc407c8abcc4e3383a53c38126b8a33b0c66d6923f3c6a845
vectors/villages.geojson,153037,58f87e9bf7d8dea231602d0d61a01e9c7fb8867b92a86e6afbe123f94c6e7b89